frame,people_count
seq_000001.jpg,13
seq_000002.jpg,12
seq_000003.jpg,15
seq_000004.jpg,13
seq_000005.jpg,13
seq_000006.jpg,14
seq_000007.jpg,15
seq_000008.jpg,13
seq_000009.jpg,13
seq_000010.jpg,13
seq_000011.jpg,17
seq_000012.jpg,20
seq_000013.jpg,18
seq_000014.jpg,20
seq_000015.jpg,15
seq_000016.jpg,15
seq_000017.jpg,14
seq_000018.jpg,18
seq_000019.jpg,11
seq_000020.jpg,16
seq_000021.jpg,17
seq_000022.jpg,19
seq_000023.jpg,19
seq_000024.jpg,14
seq_000025.jpg,17
seq_000026.jpg,14
seq_000027.jpg,21
seq_000028.jpg,18
seq_000029.jpg,18
seq_000030.jpg,16
seq_000031.jpg,15
seq_000032.jpg,18
seq_000033.jpg,14
seq_000034.jpg,17
seq_000035.jpg,14
seq_000036.jpg,19
seq_000037.jpg,18
seq_000038.jpg,16
seq_000039.jpg,15
seq_000040.jpg,14
seq_000041.jpg,12
seq_000042.jpg,11
seq_000043.jpg,10
seq_000044.jpg,9
seq_000045.jpg,12
seq_000046.jpg,9
seq_000047.jpg,8
seq_000048.jpg,10
seq_000049.jpg,8
seq_000050.jpg,5
seq_000051.jpg,7
seq_000052.jpg,8
seq_000053.jpg,6
seq_000054.jpg,6
seq_000055.jpg,6
seq_000056.jpg,8
seq_000057.jpg,6
seq_000058.jpg,7
seq_000059.jpg,7
seq_000060.jpg,5
seq_000061.jpg,9
seq_000062.jpg,8
seq_000063.jpg,12
seq_000064.jpg,11
seq_000065.jpg,12
seq_000066.jpg,12
seq_000067.jpg,14
seq_000068.jpg,12
seq_000069.jpg,13
seq_000070.jpg,12
seq_000071.jpg,14
seq_000072.jpg,16
seq_000073.jpg,12
seq_000074.jpg,12
seq_000075.jpg,12
seq_000076.jpg,10
seq_000077.jpg,10
seq_000078.jpg,11
seq_000079.jpg,10
seq_000080.jpg,7
seq_000081.jpg,4
seq_000082.jpg,5
seq_000083.jpg,5
seq_000084.jpg,6
seq_000085.jpg,7
seq_000086.jpg,8
seq_000087.jpg,8
seq_000088.jpg,7
seq_000089.jpg,8
seq_000090.jpg,8
seq_000091.jpg,8
seq_000092.jpg,6
seq_000093.jpg,7
seq_000094.jpg,8
seq_000095.jpg,7
seq_000096.jpg,8
seq_000097.jpg,12
seq_000098.jpg,12
seq_000099.jpg,15
seq_000100.jpg,14
seq_000101.jpg,16
seq_000102.jpg,14
seq_000103.jpg,12
seq_000104.jpg,12
seq_000105.jpg,15
seq_000106.jpg,18
seq_000107.jpg,15
seq_000108.jpg,12
seq_000109.jpg,12
seq_000110.jpg,9
seq_000111.jpg,14
seq_000112.jpg,15
seq_000113.jpg,13
seq_000114.jpg,14
seq_000115.jpg,15
seq_000116.jpg,12
seq_000117.jpg,17
seq_000118.jpg,16
seq_000119.jpg,16
seq_000120.jpg,13
seq_000121.jpg,14
seq_000122.jpg,17
seq_000123.jpg,16
seq_000124.jpg,15
seq_000125.jpg,17
seq_000126.jpg,16
seq_000127.jpg,17
seq_000128.jpg,14
seq_000129.jpg,17
seq_000130.jpg,14
seq_000131.jpg,14
seq_000132.jpg,10
seq_000133.jpg,13
seq_000134.jpg,11
seq_000135.jpg,13
seq_000136.jpg,10
seq_000137.jpg,6
seq_000138.jpg,9
seq_000139.jpg,8
seq_000140.jpg,8
seq_000141.jpg,9
seq_000142.jpg,10
seq_000143.jpg,13
seq_000144.jpg,10
seq_000145.jpg,12
seq_000146.jpg,10
seq_000147.jpg,10
seq_000148.jpg,9
seq_000149.jpg,9
seq_000150.jpg,11
seq_000151.jpg,11
seq_000152.jpg,9
seq_000153.jpg,10
seq_000154.jpg,8
seq_000155.jpg,6
seq_000156.jpg,8
seq_000157.jpg,9
seq_000158.jpg,10
seq_000159.jpg,8
seq_000160.jpg,8
seq_000161.jpg,8
seq_000162.jpg,9
seq_000163.jpg,13
seq_000164.jpg,13
seq_000165.jpg,12
seq_000166.jpg,11
seq_000167.jpg,12
seq_000168.jpg,12
seq_000169.jpg,10
seq_000170.jpg,10
seq_000171.jpg,8
seq_000172.jpg,8
seq_000173.jpg,5
seq_000174.jpg,6
seq_000175.jpg,7
seq_000176.jpg,7
seq_000177.jpg,7
seq_000178.jpg,7
seq_000179.jpg,6
seq_000180.jpg,6
seq_000181.jpg,9
seq_000182.jpg,7
seq_000183.jpg,7
seq_000184.jpg,9
seq_000185.jpg,13
seq_000186.jpg,13
seq_000187.jpg,10
seq_000188.jpg,9
seq_000189.jpg,8
seq_000190.jpg,9
seq_000191.jpg,12
seq_000192.jpg,11
seq_000193.jpg,7
seq_000194.jpg,11
seq_000195.jpg,11
seq_000196.jpg,9
seq_000197.jpg,12
seq_000198.jpg,11
seq_000199.jpg,12
seq_000200.jpg,14
seq_000201.jpg,16
seq_000202.jpg,13
seq_000203.jpg,15
seq_000204.jpg,9
seq_000205.jpg,11
seq_000206.jpg,13
seq_000207.jpg,17
seq_000208.jpg,13
seq_000209.jpg,12
seq_000210.jpg,15
seq_000211.jpg,11
seq_000212.jpg,11
seq_000213.jpg,10
seq_000214.jpg,9
seq_000215.jpg,9
seq_000216.jpg,11
seq_000217.jpg,9
seq_000218.jpg,12
seq_000219.jpg,13
seq_000220.jpg,12
seq_000221.jpg,12
seq_000222.jpg,7
seq_000223.jpg,5
seq_000224.jpg,7
seq_000225.jpg,10
seq_000226.jpg,12
seq_000227.jpg,12
seq_000228.jpg,12
seq_000229.jpg,12
seq_000230.jpg,14
seq_000231.jpg,8
seq_000232.jpg,11
seq_000233.jpg,10
seq_000234.jpg,12
seq_000235.jpg,10
seq_000236.jpg,8
seq_000237.jpg,12
seq_000238.jpg,13
seq_000239.jpg,11
seq_000240.jpg,11
seq_000241.jpg,13
seq_000242.jpg,12
seq_000243.jpg,10
seq_000244.jpg,10
seq_000245.jpg,11
seq_000246.jpg,11
seq_000247.jpg,10
seq_000248.jpg,9
seq_000249.jpg,6
seq_000250.jpg,7
seq_000251.jpg,7
seq_000252.jpg,5
seq_000253.jpg,7
seq_000254.jpg,9
seq_000255.jpg,8
seq_000256.jpg,8
seq_000257.jpg,9
seq_000258.jpg,7
seq_000259.jpg,12
seq_000260.jpg,13
seq_000261.jpg,11
seq_000262.jpg,11
seq_000263.jpg,11
seq_000264.jpg,11
seq_000265.jpg,10
seq_000266.jpg,9
seq_000267.jpg,15
seq_000268.jpg,18
seq_000269.jpg,16
seq_000270.jpg,17
seq_000271.jpg,16
seq_000272.jpg,15
seq_000273.jpg,12
seq_000274.jpg,13
seq_000275.jpg,12
seq_000276.jpg,12
seq_000277.jpg,14
seq_000278.jpg,11
seq_000279.jpg,13
seq_000280.jpg,11
seq_000281.jpg,8
seq_000282.jpg,10
seq_000283.jpg,11
seq_000284.jpg,8
seq_000285.jpg,7
seq_000286.jpg,7
seq_000287.jpg,10
seq_000288.jpg,14
seq_000289.jpg,14
seq_000290.jpg,13
seq_000291.jpg,13
seq_000292.jpg,9
seq_000293.jpg,12
seq_000294.jpg,14
seq_000295.jpg,15
seq_000296.jpg,14
seq_000297.jpg,14
seq_000298.jpg,16
seq_000299.jpg,16
seq_000300.jpg,15
